ID,title,author_given_name,author_surname,author_id,organizational_author,manual
1,Systematic review of long term effects of advice to reduce dietary salt in adults,Lee,Hooper,57202855325,,False
1,Systematic review of long term effects of advice to reduce dietary salt in adults,Christopher,Bartlett,57194377301,,False
1,Systematic review of long term effects of advice to reduce dietary salt in adults,George Davey,Smith,35354080500,,False
1,Systematic review of long term effects of advice to reduce dietary salt in adults,Shah,Ebrahim,7102093023,,False
2,Reduced dietary salt for prevention of cardiovascular disease,L.,Hooper,57202855325,,False
2,Reduced dietary salt for prevention of cardiovascular disease,C.,Bartlett,57194377301,,False
2,Reduced dietary salt for prevention of cardiovascular disease,G.,Davey Smith,35354080500,,False
2,Reduced dietary salt for prevention of cardiovascular disease,S.,Ebrahim,56500020000,,False
3,Advice to reduce dietary salt for prevention of cardiovascular disease,Lee,Hooper,57202855325,,False
3,Advice to reduce dietary salt for prevention of cardiovascular disease,Christopher,Bartlett,57194377301,,False
3,Advice to reduce dietary salt for prevention of cardiovascular disease,George,Davey Smith,57220145221,,False
3,Advice to reduce dietary salt for prevention of cardiovascular disease,Shah,Ebrahim,56500020000,,False
4,"Salt intake, stroke, and cardiovascular disease: meta-analysis of prospective studies",Pasquale,Strazzullo,7005192838,,False
4,"Salt intake, stroke, and cardiovascular disease: meta-analysis of prospective studies",Lanfranco,D'Elia,57013454700,,False
4,"Salt intake, stroke, and cardiovascular disease: meta-analysis of prospective studies",Ngianga Bakwin,Kandala,21834203800,,False
4,"Salt intake, stroke, and cardiovascular disease: meta-analysis of prospective studies",Francesco P.,Cappuccio,7006704793,,False
5,Reduced dietary salt for the prevention of cardiovascular disease: a meta-analysis of randomized controlled trials (Cochrane review),Rod S.,Taylor,55628530729,,False
5,Reduced dietary salt for the prevention of cardiovascular disease: a meta-analysis of randomized controlled trials (Cochrane review),Kate E.,Ashton,26644694600,,False
5,Reduced dietary salt for the prevention of cardiovascular disease: a meta-analysis of randomized controlled trials (Cochrane review),Tiffany,Moxham,26657630700,,False
5,Reduced dietary salt for the prevention of cardiovascular disease: a meta-analysis of randomized controlled trials (Cochrane review),Lee,Hooper,57202855325,,False
5,Reduced dietary salt for the prevention of cardiovascular disease: a meta-analysis of randomized controlled trials (Cochrane review),Shah,Ebrahim,7102093023,,False
7,High salt intake and stroke: meta-analysis of the epidemiologic evidence,Xiu Yang,Li,8637630800,,False
7,High salt intake and stroke: meta-analysis of the epidemiologic evidence,Xian Lei,Cai,57222968090,,False
7,High salt intake and stroke: meta-analysis of the epidemiologic evidence,Ping Da,Bian,56539588600,,False
7,High salt intake and stroke: meta-analysis of the epidemiologic evidence,Liu Ru,Hu,55260676500,,False
9,Effect of lower sodium intake on health: systematic review and meta-analyses,Nancy J.,Aburto,8739842100,,False
9,Effect of lower sodium intake on health: systematic review and meta-analyses,Anna,Ziolkovska,42062716900,,False
9,Effect of lower sodium intake on health: systematic review and meta-analyses,Lee,Hooper,57202855325,,False
9,Effect of lower sodium intake on health: systematic review and meta-analyses,Paul,Elliott,26643338400,,False
9,Effect of lower sodium intake on health: systematic review and meta-analyses,Francesco P.,Cappuccio,7006704793,,False
9,Effect of lower sodium intake on health: systematic review and meta-analyses,Joerg J.,Meerpohl,22835812000,,False
12,Reduced dietary salt for the prevention of cardiovascular disease,Alma J.,Adler,53879483800,,False
12,Reduced dietary salt for the prevention of cardiovascular disease,Fiona,Taylor,7202563279,,False
12,Reduced dietary salt for the prevention of cardiovascular disease,Kate E.,Ashton,26644694600,,False
12,Reduced dietary salt for the prevention of cardiovascular disease,Nicole,Martin,56560532000,,False
12,Reduced dietary salt for the prevention of cardiovascular disease,Sheldon,Gottlieb,35492452300,,False
12,Reduced dietary salt for the prevention of cardiovascular disease,Shah,Ebrahim,56500020000,,False
13,"Compared with usual sodium intake, low- and excessive-sodium diets are associated with increased mortality: a meta-analysis",Niels,Graudal,7006599533,,False
13,"Compared with usual sodium intake, low- and excessive-sodium diets are associated with increased mortality: a meta-analysis",Gesche,Jürgens,57207747971,,False
13,"Compared with usual sodium intake, low- and excessive-sodium diets are associated with increased mortality: a meta-analysis",Bo,Baslund,6701723275,,False
13,"Compared with usual sodium intake, low- and excessive-sodium diets are associated with increased mortality: a meta-analysis",Michael H.,Alderman,57059210000,,False
26,Hypertension treated by salt restriction,T.,Morgan,7202131153,,False
26,Hypertension treated by salt restriction,W.,Adam,7402929833,,False
26,Hypertension treated by salt restriction,A.,Gillies,7006126585,,False
26,Hypertension treated by salt restriction,M.,Wilson,23568884900,,False
26,Hypertension treated by salt restriction,G.,Morgan,57196932500,,False
26,Hypertension treated by salt restriction,S.,Carney,35551905400,,False
27,Dietary and other risk factors for stroke in Hawaiian Japanese men,A.,Kagan,57207905596,,False
27,Dietary and other risk factors for stroke in Hawaiian Japanese men,J. S.,Popper,6701423169,,False
27,Dietary and other risk factors for stroke in Hawaiian Japanese men,G. G.,Rhoads,56679487000,,False
27,Dietary and other risk factors for stroke in Hawaiian Japanese men,K.,Yano,7402402501,,False
30,Lifestyle factors and risk of cerebral infarction,Erik Folmer,Ellekjaer,6602720330,,False
30,Lifestyle factors and risk of cerebral infarction,Torgeir Bruun,Wyller,7006685915,,False
30,Lifestyle factors and risk of cerebral infarction,Jan Marcus,Sverre,6603292281,,False
30,Lifestyle factors and risk of cerebral infarction,Jostein,Holmen,7004440499,,False
31,Incidence of stroke in Taiwan,Han Hwa,Hu,7404097786,,False
31,Incidence of stroke in Taiwan,Wen Yung,Sheng,7103379311,,False
31,Incidence of stroke in Taiwan,Fu Li,Chu,12781143700,,False
31,Incidence of stroke in Taiwan,Chung Fu,Lan,16162232500,,False
31,Incidence of stroke in Taiwan,Benjamin N.,Chiang,7201942694,,False
33,Low urinary sodium is associated with greater risk of myocardial infarction among treated hypertensive men,Michael H.,Alderman,57059210000,,False
33,Low urinary sodium is associated with greater risk of myocardial infarction among treated hypertensive men,Shantha,Madhavan,7006217003,,False
33,Low urinary sodium is associated with greater risk of myocardial infarction among treated hypertensive men,Hillel,Cohen,7402808799,,False
33,Low urinary sodium is associated with greater risk of myocardial infarction among treated hypertensive men,Jean E.,Sealey,7006054977,,False
33,Low urinary sodium is associated with greater risk of myocardial infarction among treated hypertensive men,John H.,Laragh,57217506894,,False
34,Urinary sodium excretion and myocardial infarction in hypertensive patients: A prospective cohort study,Michael,Alderman,57059210000,,False
34,Urinary sodium excretion and myocardial infarction in hypertensive patients: A prospective cohort study,Jean,Sealey,7006054977,,False
34,Urinary sodium excretion and myocardial infarction in hypertensive patients: A prospective cohort study,Hillel,Cohen,7402808799,,False
34,Urinary sodium excretion and myocardial infarction in hypertensive patients: A prospective cohort study,Shantha,Madhavan,7006217003,,False
34,Urinary sodium excretion and myocardial infarction in hypertensive patients: A prospective cohort study,John,Laragh,57217506894,,False
38,"Effects of weight loss and sodium reduction intervention on blood pressure and hypertension incidence in overweight people with high-normal blood pressure - The trials of hypertension prevention, phase II",Jeffrey A.,Cutler,7102422991,,False
39,Comparison of the prediction by 27 different factors of coronary heart disease and death in men and women of the Scottish heart health study: cohort study,Hugh,Tunstall-Pedoe,7006489385,,False
39,Comparison of the prediction by 27 different factors of coronary heart disease and death in men and women of the Scottish heart health study: cohort study,Mark,Woodward,7102510958,,False
39,Comparison of the prediction by 27 different factors of coronary heart disease and death in men and women of the Scottish heart health study: cohort study,Roger,Tavendale,6603836549,,False
39,Comparison of the prediction by 27 different factors of coronary heart disease and death in men and women of the Scottish heart health study: cohort study,Richard,A' Brook,6504019758,,False
39,Comparison of the prediction by 27 different factors of coronary heart disease and death in men and women of the Scottish heart health study: cohort study,Mary K.,McCluskey,7006002310,,False
40,"Intake of potassium, magnesium, calcium, and fiber and risk of stroke among US men",Alberto,Ascherio,7004443355,,False
40,"Intake of potassium, magnesium, calcium, and fiber and risk of stroke among US men",E. B.,Rimm,56457771800,,False
40,"Intake of potassium, magnesium, calcium, and fiber and risk of stroke among US men",M. A.,Hernán,7005914051,,False
40,"Intake of potassium, magnesium, calcium, and fiber and risk of stroke among US men",E. L.,Giovannucci,57203069058,,False
40,"Intake of potassium, magnesium, calcium, and fiber and risk of stroke among US men",I.,Kawachi,7103096477,,False
40,"Intake of potassium, magnesium, calcium, and fiber and risk of stroke among US men",M. J.,Stampfer,55541278700,,False
40,"Intake of potassium, magnesium, calcium, and fiber and risk of stroke among US men",W. C.,Willett,56803239300,,False
41,Dietary sodium intake and mortality: the National Health and Nutrition Examination Survey (NHANES I),Michael H.,Alderman,57059210000,,False
41,Dietary sodium intake and mortality: the National Health and Nutrition Examination Survey (NHANES I),Hillel,Cohen,7402808799,,False
41,Dietary sodium intake and mortality: the National Health and Nutrition Examination Survey (NHANES I),Shantha,Madhavan,7006217003,,False
42,Sodium reduction and weight loss in the treatment of hypertension in older persons - A randomized controlled trial of nonpharmacologic interventions in the elderly (TONE),Paul K.,Whelton,7103041111,,False
42,Sodium reduction and weight loss in the treatment of hypertension in older persons - A randomized controlled trial of nonpharmacologic interventions in the elderly (TONE),Lawrence J.,Appel,7102658830,,False
42,Sodium reduction and weight loss in the treatment of hypertension in older persons - A randomized controlled trial of nonpharmacologic interventions in the elderly (TONE),Mark A.,Espeland,35236499700,,False
42,Sodium reduction and weight loss in the treatment of hypertension in older persons - A randomized controlled trial of nonpharmacologic interventions in the elderly (TONE),William B.,Applegate,7004891687,,False
42,Sodium reduction and weight loss in the treatment of hypertension in older persons - A randomized controlled trial of nonpharmacologic interventions in the elderly (TONE),Walter H.,Ettinger,7006387556,,False
42,Sodium reduction and weight loss in the treatment of hypertension in older persons - A randomized controlled trial of nonpharmacologic interventions in the elderly (TONE),John B.,Kostis,55908505800,,False
42,Sodium reduction and weight loss in the treatment of hypertension in older persons - A randomized controlled trial of nonpharmacologic interventions in the elderly (TONE),Shiriki,Kumanyika,35380806400,,False
42,Sodium reduction and weight loss in the treatment of hypertension in older persons - A randomized controlled trial of nonpharmacologic interventions in the elderly (TONE),Clifton R.,Lacy,19735171700,,False
42,Sodium reduction and weight loss in the treatment of hypertension in older persons - A randomized controlled trial of nonpharmacologic interventions in the elderly (TONE),Karen C.,Johnson,26643157800,,False
42,Sodium reduction and weight loss in the treatment of hypertension in older persons - A randomized controlled trial of nonpharmacologic interventions in the elderly (TONE),Steven,Folmar,6601984726,,False
42,Sodium reduction and weight loss in the treatment of hypertension in older persons - A randomized controlled trial of nonpharmacologic interventions in the elderly (TONE),Jeffrey A.,Cutler,7102422991,,False
43,Effects of reduced sodium intake on hypertension control in older individuals - Results from the trial of nonpharmacologic interventions in the elderly (TONE),Lawrence J.,Appel,7102658830,,False
43,Effects of reduced sodium intake on hypertension control in older individuals - Results from the trial of nonpharmacologic interventions in the elderly (TONE),Mark A.,Espeland,35236499700,,False
43,Effects of reduced sodium intake on hypertension control in older individuals - Results from the trial of nonpharmacologic interventions in the elderly (TONE),Linda,Easter,6507728326,,False
43,Effects of reduced sodium intake on hypertension control in older individuals - Results from the trial of nonpharmacologic interventions in the elderly (TONE),Alan C.,Wilson,7404869769,,False
43,Effects of reduced sodium intake on hypertension control in older individuals - Results from the trial of nonpharmacologic interventions in the elderly (TONE),Steven,Folmar,6601984726,,False
43,Effects of reduced sodium intake on hypertension control in older individuals - Results from the trial of nonpharmacologic interventions in the elderly (TONE),Clifton R.,Lacy,19735171700,,False
45,Dietary sodium intake and subsequent risk of cardiovascular disease in overweight adults,Jiang,He,7404983432,,False
45,Dietary sodium intake and subsequent risk of cardiovascular disease in overweight adults,Lorraine G.,Ogden,7004307683,,False
45,Dietary sodium intake and subsequent risk of cardiovascular disease in overweight adults,Suma,Vupputuri,57203897559,,False
45,Dietary sodium intake and subsequent risk of cardiovascular disease in overweight adults,Lydia A.,Bazzano,6601969055,,False
45,Dietary sodium intake and subsequent risk of cardiovascular disease in overweight adults,Catherine,Loria,7004668410,,False
45,Dietary sodium intake and subsequent risk of cardiovascular disease in overweight adults,Paul K.,Whelton,7103041111,,False
47,Urinary sodium excretion and cardiovascular mortality in Finland: a prospective study,Jaakko,Tuomilehto,36012823000,,False
47,Urinary sodium excretion and cardiovascular mortality in Finland: a prospective study,Pekka,Jousilahti,7005647985,,False
47,Urinary sodium excretion and cardiovascular mortality in Finland: a prospective study,Daiva,Rastenyte,6701366547,,False
47,Urinary sodium excretion and cardiovascular mortality in Finland: a prospective study,Vladislav,Moltchanov,6602486700,,False
47,Urinary sodium excretion and cardiovascular mortality in Finland: a prospective study,Antti,Tanskanen,35512468100,,False
47,Urinary sodium excretion and cardiovascular mortality in Finland: a prospective study,Pirjo,Pietinen,7004280517,,False
47,Urinary sodium excretion and cardiovascular mortality in Finland: a prospective study,Aulikki,Nissinen,35393454400,,False
48,Effects of high-dose furosemide and small-volume hypertonic saline solution infusion in comparison with a high dose of furosemide as bolus in refractory congestive heart failure: long-term effects,Giuseppe,Licata,21640320400,,False
48,Effects of high-dose furosemide and small-volume hypertonic saline solution infusion in comparison with a high dose of furosemide as bolus in refractory congestive heart failure: long-term effects,Pietro,Di Pasquale,7006484941,,False
48,Effects of high-dose furosemide and small-volume hypertonic saline solution infusion in comparison with a high dose of furosemide as bolus in refractory congestive heart failure: long-term effects,Gaspare,Parrinello,7004487795,,False
48,Effects of high-dose furosemide and small-volume hypertonic saline solution infusion in comparison with a high dose of furosemide as bolus in refractory congestive heart failure: long-term effects,Antonietta,Cardinale,7005847351,,False
48,Effects of high-dose furosemide and small-volume hypertonic saline solution infusion in comparison with a high dose of furosemide as bolus in refractory congestive heart failure: long-term effects,Angela,Scandurra,22948891400,,False
48,Effects of high-dose furosemide and small-volume hypertonic saline solution infusion in comparison with a high dose of furosemide as bolus in refractory congestive heart failure: long-term effects,Giuseppe,Follone,6506535681,,False
48,Effects of high-dose furosemide and small-volume hypertonic saline solution infusion in comparison with a high dose of furosemide as bolus in refractory congestive heart failure: long-term effects,Christiano,Argano,6506894570,,False
48,Effects of high-dose furosemide and small-volume hypertonic saline solution infusion in comparison with a high dose of furosemide as bolus in refractory congestive heart failure: long-term effects,Antonino,Tuttolomondo,6602780506,,False
48,Effects of high-dose furosemide and small-volume hypertonic saline solution infusion in comparison with a high dose of furosemide as bolus in refractory congestive heart failure: long-term effects,Salvatore,Paterna,7005747309,,False
49,Sodium intake and risk of death from stroke in Japanese men and women,Chisato,Nagata,56682150800,,False
49,Sodium intake and risk of death from stroke in Japanese men and women,Naoyoshi,Takatsuka,7003576701,,False
49,Sodium intake and risk of death from stroke in Japanese men and women,Natsuki,Shimizu,7403575517,,False
49,Sodium intake and risk of death from stroke in Japanese men and women,Hiroyuki,Shimizu,55722413500,,False
50,Changes in brain natriuretic peptide levels and bioelectrical impedance measurements after treatment with high-dose furosemide and hypertonic saline solution versus high-dose furosemide alone in refractory congestive heart failure - A double-blind study,Salvatore,Paterna,7005747309,,False
50,Changes in brain natriuretic peptide levels and bioelectrical impedance measurements after treatment with high-dose furosemide and hypertonic saline solution versus high-dose furosemide alone in refractory congestive heart failure - A double-blind study,Pietro,Di Pasquale,7006484941,,False
50,Changes in brain natriuretic peptide levels and bioelectrical impedance measurements after treatment with high-dose furosemide and hypertonic saline solution versus high-dose furosemide alone in refractory congestive heart failure - A double-blind study,Gaspare,Parrinello,7004487795,,False
50,Changes in brain natriuretic peptide levels and bioelectrical impedance measurements after treatment with high-dose furosemide and hypertonic saline solution versus high-dose furosemide alone in refractory congestive heart failure - A double-blind study,Ersilia,Fornaciari,23993899400,,False
50,Changes in brain natriuretic peptide levels and bioelectrical impedance measurements after treatment with high-dose furosemide and hypertonic saline solution versus high-dose furosemide alone in refractory congestive heart failure - A double-blind study,Francesca,Di Gaudio,6508093331,,False
50,Changes in brain natriuretic peptide levels and bioelectrical impedance measurements after treatment with high-dose furosemide and hypertonic saline solution versus high-dose furosemide alone in refractory congestive heart failure - A double-blind study,Sergio,Fasullo,8525341800,,False
50,Changes in brain natriuretic peptide levels and bioelectrical impedance measurements after treatment with high-dose furosemide and hypertonic saline solution versus high-dose furosemide alone in refractory congestive heart failure - A double-blind study,Marco,Giammanco,6603945923,,False
50,Changes in brain natriuretic peptide levels and bioelectrical impedance measurements after treatment with high-dose furosemide and hypertonic saline solution versus high-dose furosemide alone in refractory congestive heart failure - A double-blind study,Filippo M.,Sarullo,55666266600,,False
50,Changes in brain natriuretic peptide levels and bioelectrical impedance measurements after treatment with high-dose furosemide and hypertonic saline solution versus high-dose furosemide alone in refractory congestive heart failure - A double-blind study,Giuseppe,Licata,21640320400,,False
51,Effect of potassium-enriched salt on cardiovascular mortality and medical expenses of elderly men,Hsing Yi,Chang,7407523087,,False
51,Effect of potassium-enriched salt on cardiovascular mortality and medical expenses of elderly men,Yu Whuei,Hu,14028497200,,False
51,Effect of potassium-enriched salt on cardiovascular mortality and medical expenses of elderly men,Ching Syang Jack,Yue,7101875797,,False
51,Effect of potassium-enriched salt on cardiovascular mortality and medical expenses of elderly men,Yu Wen,Wen,57154850400,,False
51,Effect of potassium-enriched salt on cardiovascular mortality and medical expenses of elderly men,Wen Ting,Yeh,7202860324,,False
51,Effect of potassium-enriched salt on cardiovascular mortality and medical expenses of elderly men,Li San,Hsu,36339634000,,False
51,Effect of potassium-enriched salt on cardiovascular mortality and medical expenses of elderly men,Shin Yin,Tsai,36793200200,,False
51,Effect of potassium-enriched salt on cardiovascular mortality and medical expenses of elderly men,Wen Harn,Pan,7402219783,,False
52,Sodium intake and mortality in the NHANES II follow-up study,Hillel W.,Cohen,7402808799,,False
52,Sodium intake and mortality in the NHANES II follow-up study,Susan M.,Hailpern,10139227400,,False
52,Sodium intake and mortality in the NHANES II follow-up study,Jing,Fang,35368592500,,False
52,Sodium intake and mortality in the NHANES II follow-up study,Michael H.,Alderman,57059210000,,False
53,Sodium and potassium intake and risk of cardiovascular events and all-cause mortality: the Rotterdam Study,Johanna M.,Geleijnse,35195702500,,False
53,Sodium and potassium intake and risk of cardiovascular events and all-cause mortality: the Rotterdam Study,Jacqueline C.M.,Witteman,7005473334,,False
53,Sodium and potassium intake and risk of cardiovascular events and all-cause mortality: the Rotterdam Study,Theo,Stijnen,55650401900,,False
53,Sodium and potassium intake and risk of cardiovascular events and all-cause mortality: the Rotterdam Study,Margot W.,Kloos,57113348000,,False
53,Sodium and potassium intake and risk of cardiovascular events and all-cause mortality: the Rotterdam Study,Albert,Hofman,57190078722,,False
53,Sodium and potassium intake and risk of cardiovascular events and all-cause mortality: the Rotterdam Study,Diederick E.,Grobbee,7103100613,,False
54,"Salt substitution: a low-cost strategy for blood pressure control among rural Chinese. A randomized, controlled trial",Yuming,Li,15623451000,,False
54,"Salt substitution: a low-cost strategy for blood pressure control among rural Chinese. A randomized, controlled trial",Junxiang,Liu,57158273100,,False
54,"Salt substitution: a low-cost strategy for blood pressure control among rural Chinese. A randomized, controlled trial",Donglin,Song,55239705400,,False
54,"Salt substitution: a low-cost strategy for blood pressure control among rural Chinese. A randomized, controlled trial",Jingpu,Shi,13907004800,,False
54,"Salt substitution: a low-cost strategy for blood pressure control among rural Chinese. A randomized, controlled trial",Hailong,Wang,55688929000,,False
54,"Salt substitution: a low-cost strategy for blood pressure control among rural Chinese. A randomized, controlled trial",Yongqing,Yang,56071946600,,False
54,"Salt substitution: a low-cost strategy for blood pressure control among rural Chinese. A randomized, controlled trial",Jianmin,Li,55720579500,,False
54,"Salt substitution: a low-cost strategy for blood pressure control among rural Chinese. A randomized, controlled trial",Yanling,Zhang,57196200444,,False
54,"Salt substitution: a low-cost strategy for blood pressure control among rural Chinese. A randomized, controlled trial",Dongshuang,Guo,7403332446,,False
54,"Salt substitution: a low-cost strategy for blood pressure control among rural Chinese. A randomized, controlled trial",Shengyin,Liang,22035874300,,False
54,"Salt substitution: a low-cost strategy for blood pressure control among rural Chinese. A randomized, controlled trial",Jianhua,Qi,55241049600,,False
54,"Salt substitution: a low-cost strategy for blood pressure control among rural Chinese. A randomized, controlled trial",Rujun,Pan,22035651400,,False
54,"Salt substitution: a low-cost strategy for blood pressure control among rural Chinese. A randomized, controlled trial",Bing,Li,55628528158,,False
54,"Salt substitution: a low-cost strategy for blood pressure control among rural Chinese. A randomized, controlled trial",Zhigang,Yang,55716630400,,False
54,"Salt substitution: a low-cost strategy for blood pressure control among rural Chinese. A randomized, controlled trial",Yangfeng,Wu,8578301200,,False
54,"Salt substitution: a low-cost strategy for blood pressure control among rural Chinese. A randomized, controlled trial",Xuequn,Yu,22036712800,,False
54,"Salt substitution: a low-cost strategy for blood pressure control among rural Chinese. A randomized, controlled trial",Liancheng,Zhao,55739485100,,False
54,"Salt substitution: a low-cost strategy for blood pressure control among rural Chinese. A randomized, controlled trial",Bailing,Chen,56164924500,,False
54,"Salt substitution: a low-cost strategy for blood pressure control among rural Chinese. A randomized, controlled trial",Beifan,Zhou,7401906952,,False
54,"Salt substitution: a low-cost strategy for blood pressure control among rural Chinese. A randomized, controlled trial",Jihong,Hu,55499495700,,False
54,"Salt substitution: a low-cost strategy for blood pressure control among rural Chinese. A randomized, controlled trial",Rong,Han,35278076000,,False
54,"Salt substitution: a low-cost strategy for blood pressure control among rural Chinese. A randomized, controlled trial",Nicole,Li,55584663700,,False
54,"Salt substitution: a low-cost strategy for blood pressure control among rural Chinese. A randomized, controlled trial",Bruce,Neal,57218390053,,False
54,"Salt substitution: a low-cost strategy for blood pressure control among rural Chinese. A randomized, controlled trial",Federica,Barzi,7003545543,,False
54,"Salt substitution: a low-cost strategy for blood pressure control among rural Chinese. A randomized, controlled trial",Rachel,Huxley,6701828350,,False
54,"Salt substitution: a low-cost strategy for blood pressure control among rural Chinese. A randomized, controlled trial",Kathy,Jane,22034937100,,False
54,"Salt substitution: a low-cost strategy for blood pressure control among rural Chinese. A randomized, controlled trial",Suzanne,Ryan,57225701816,,False
54,"Salt substitution: a low-cost strategy for blood pressure control among rural Chinese. A randomized, controlled trial",John,Prescott,35938928800,,False
54,"Salt substitution: a low-cost strategy for blood pressure control among rural Chinese. A randomized, controlled trial",Anthony,Rodgers,55585900000,,False
54,"Salt substitution: a low-cost strategy for blood pressure control among rural Chinese. A randomized, controlled trial",Carlene,Lawes,6602516713,,False
54,"Salt substitution: a low-cost strategy for blood pressure control among rural Chinese. A randomized, controlled trial",Michelle,Barlow,22033867900,,False
54,"Salt substitution: a low-cost strategy for blood pressure control among rural Chinese. A randomized, controlled trial",John,Fa'atui,22034068200,,False
54,"Salt substitution: a low-cost strategy for blood pressure control among rural Chinese. A randomized, controlled trial",Amanda,Milne,15736206400,,False
54,"Salt substitution: a low-cost strategy for blood pressure control among rural Chinese. A randomized, controlled trial",Colleen,Ng,7401705370,,False
54,"Salt substitution: a low-cost strategy for blood pressure control among rural Chinese. A randomized, controlled trial",Simon,Pink,22035976000,,False
54,"Salt substitution: a low-cost strategy for blood pressure control among rural Chinese. A randomized, controlled trial",Barry,Gray,36339275900,,False
55,Long term effects of dietary sodium reduction on cardiovascular disease outcomes: observational follow-up of the trials of hypertension prevention (TOHP),Nancy R.,Cook,7202992021,,False
55,Long term effects of dietary sodium reduction on cardiovascular disease outcomes: observational follow-up of the trials of hypertension prevention (TOHP),Jeffrey A.,Cutler,7102422991,,False
55,Long term effects of dietary sodium reduction on cardiovascular disease outcomes: observational follow-up of the trials of hypertension prevention (TOHP),Eva,Obarzanek,7006694590,,False
55,Long term effects of dietary sodium reduction on cardiovascular disease outcomes: observational follow-up of the trials of hypertension prevention (TOHP),Julie E.,Buring,36047010400,,False
55,Long term effects of dietary sodium reduction on cardiovascular disease outcomes: observational follow-up of the trials of hypertension prevention (TOHP),Kathryn M.,Rexrode,7003464052,,False
55,Long term effects of dietary sodium reduction on cardiovascular disease outcomes: observational follow-up of the trials of hypertension prevention (TOHP),Shiriki K.,Kumanyika,35380806400,,False
55,Long term effects of dietary sodium reduction on cardiovascular disease outcomes: observational follow-up of the trials of hypertension prevention (TOHP),Lawrence J.,Appel,7102658830,,False
55,Long term effects of dietary sodium reduction on cardiovascular disease outcomes: observational follow-up of the trials of hypertension prevention (TOHP),Paul K.,Whelton,7103041111,,False
58,"Magnesium, calcium, potassium, and sodium intakes and risk of stroke in male smokers",Susanna C.,Larsson,7202349296,,False
58,"Magnesium, calcium, potassium, and sodium intakes and risk of stroke in male smokers",Mikko J.,Virtanen,7005231100,,False
58,"Magnesium, calcium, potassium, and sodium intakes and risk of stroke in male smokers",Monica,Mars,7005417514,,False
58,"Magnesium, calcium, potassium, and sodium intakes and risk of stroke in male smokers",Satu,Männistö,6701509717,,False
58,"Magnesium, calcium, potassium, and sodium intakes and risk of stroke in male smokers",Pirjo,Pietinen,7004280517,,False
58,"Magnesium, calcium, potassium, and sodium intakes and risk of stroke in male smokers",Demetrius,Albanes,7006558522,,False
58,"Magnesium, calcium, potassium, and sodium intakes and risk of stroke in male smokers",Jarmo,Virtamo,14324103000,,False
59,Sodium intake and mortality follow-up in the Third National Health and Nutrition Examination Survey (NHANES III),Hillel W.,Cohen,7402808799,,False
59,Sodium intake and mortality follow-up in the Third National Health and Nutrition Examination Survey (NHANES III),Susan M.,Hailpern,10139227400,,False
59,Sodium intake and mortality follow-up in the Third National Health and Nutrition Examination Survey (NHANES III),Michael H.,Alderman,57059210000,,False
61,Relations between dietary sodium and potassium intakes and mortality from cardiovascular disease: the Japan Collaborative Cohort Study for Evaluation of Cancer Risks,Mitsumasa,Umesawa,36009215200,,False
61,Relations between dietary sodium and potassium intakes and mortality from cardiovascular disease: the Japan Collaborative Cohort Study for Evaluation of Cancer Risks,Hiroyasu,Iso,35227393400,,False
61,Relations between dietary sodium and potassium intakes and mortality from cardiovascular disease: the Japan Collaborative Cohort Study for Evaluation of Cancer Risks,Chigusa,Date,7004702187,,False
61,Relations between dietary sodium and potassium intakes and mortality from cardiovascular disease: the Japan Collaborative Cohort Study for Evaluation of Cancer Risks,Akio,Yamamoto,35228281000,,False
61,Relations between dietary sodium and potassium intakes and mortality from cardiovascular disease: the Japan Collaborative Cohort Study for Evaluation of Cancer Risks,Hideaki,Toyoshima,7103228330,,False
61,Relations between dietary sodium and potassium intakes and mortality from cardiovascular disease: the Japan Collaborative Cohort Study for Evaluation of Cancer Risks,Yoshiyuki,Watanabe,56959677700,,False
61,Relations between dietary sodium and potassium intakes and mortality from cardiovascular disease: the Japan Collaborative Cohort Study for Evaluation of Cancer Risks,Shogo,Kikuchi,7403005275,,False
61,Relations between dietary sodium and potassium intakes and mortality from cardiovascular disease: the Japan Collaborative Cohort Study for Evaluation of Cancer Risks,Akio,Koizumi,7101783248,,False
61,Relations between dietary sodium and potassium intakes and mortality from cardiovascular disease: the Japan Collaborative Cohort Study for Evaluation of Cancer Risks,Takaaki,Kondo,7404230880,,False
61,Relations between dietary sodium and potassium intakes and mortality from cardiovascular disease: the Japan Collaborative Cohort Study for Evaluation of Cancer Risks,Yutaka,Inaba,7201621928,,False
61,Relations between dietary sodium and potassium intakes and mortality from cardiovascular disease: the Japan Collaborative Cohort Study for Evaluation of Cancer Risks,Naohito,Tanabe,7103393781,,False
61,Relations between dietary sodium and potassium intakes and mortality from cardiovascular disease: the Japan Collaborative Cohort Study for Evaluation of Cancer Risks,Akiko,Tamakoshi,7006797376,,False
62,"A Japanese diet and 19-year mortality: National Integrated Project for Prospective Observation of Non-Communicable Diseases and its Trends in the Aged, 1980",Yasuyuki,Nakamura,55628559897,,False
62,"A Japanese diet and 19-year mortality: National Integrated Project for Prospective Observation of Non-Communicable Diseases and its Trends in the Aged, 1980",Hirotsugu,Ueshima,55166257800,,False
62,"A Japanese diet and 19-year mortality: National Integrated Project for Prospective Observation of Non-Communicable Diseases and its Trends in the Aged, 1980",Tomonori,Okamura,55432997600,,False
62,"A Japanese diet and 19-year mortality: National Integrated Project for Prospective Observation of Non-Communicable Diseases and its Trends in the Aged, 1980",Takashi,Kadowaki,35371466600,,False
62,"A Japanese diet and 19-year mortality: National Integrated Project for Prospective Observation of Non-Communicable Diseases and its Trends in the Aged, 1980",Takehito,Hayakawa,35224699500,,False
62,"A Japanese diet and 19-year mortality: National Integrated Project for Prospective Observation of Non-Communicable Diseases and its Trends in the Aged, 1980",Yoshikuni,Kita,7202729333,,False
62,"A Japanese diet and 19-year mortality: National Integrated Project for Prospective Observation of Non-Communicable Diseases and its Trends in the Aged, 1980",Robert D.,Abbott,7202420540,,False
62,"A Japanese diet and 19-year mortality: National Integrated Project for Prospective Observation of Non-Communicable Diseases and its Trends in the Aged, 1980",Akira,Okayama,56421646700,,False
63,Long-term effects of dietary sodium intake on cytokines and neurohormonal activation in patients with recently compensated congestive heart failure,Gaspare,Parrinello,7004487795,,False
63,Long-term effects of dietary sodium intake on cytokines and neurohormonal activation in patients with recently compensated congestive heart failure,Pietro,Di Pasquale,7006484941,,False
63,Long-term effects of dietary sodium intake on cytokines and neurohormonal activation in patients with recently compensated congestive heart failure,Giuseppe,Licata,21640320400,,False
63,Long-term effects of dietary sodium intake on cytokines and neurohormonal activation in patients with recently compensated congestive heart failure,Daniele,Torres,23994467100,,False
63,Long-term effects of dietary sodium intake on cytokines and neurohormonal activation in patients with recently compensated congestive heart failure,Marco,Giammanco,6603945923,,False
63,Long-term effects of dietary sodium intake on cytokines and neurohormonal activation in patients with recently compensated congestive heart failure,Sergio,Fasullo,8525341800,,False
63,Long-term effects of dietary sodium intake on cytokines and neurohormonal activation in patients with recently compensated congestive heart failure,Manuela,Mezzero,25031517400,,False
63,Long-term effects of dietary sodium intake on cytokines and neurohormonal activation in patients with recently compensated congestive heart failure,Salvatore,Paterna,7005747309,,False
64,"Medium term effects of different dosage of diuretic, sodium, and fluid administration on neurohormonal and clinical outcome in patients with recently compensated heart failure",Salvatore,Paterna,7005747309,,False
64,"Medium term effects of different dosage of diuretic, sodium, and fluid administration on neurohormonal and clinical outcome in patients with recently compensated heart failure",Gaspare,Parrinello,7004487795,,False
64,"Medium term effects of different dosage of diuretic, sodium, and fluid administration on neurohormonal and clinical outcome in patients with recently compensated heart failure",Sergio,Cannizzaro,6603823764,,False
64,"Medium term effects of different dosage of diuretic, sodium, and fluid administration on neurohormonal and clinical outcome in patients with recently compensated heart failure",Sergio,Fasullo,8525341800,,False
64,"Medium term effects of different dosage of diuretic, sodium, and fluid administration on neurohormonal and clinical outcome in patients with recently compensated heart failure",Daniele,Torres,23994467100,,False
64,"Medium term effects of different dosage of diuretic, sodium, and fluid administration on neurohormonal and clinical outcome in patients with recently compensated heart failure",Filippo M.,Sarullo,55666266600,,False
64,"Medium term effects of different dosage of diuretic, sodium, and fluid administration on neurohormonal and clinical outcome in patients with recently compensated heart failure",Pietro,Di Pasquale,7006484941,,False
65,Low dietary sodium intake increases the death risk in peritoneal dialysis,Jie,Dong,55266679200,,False
65,Low dietary sodium intake increases the death risk in peritoneal dialysis,Yanjun,Li,53877753100,,False
65,Low dietary sodium intake increases the death risk in peritoneal dialysis,Zhikai,Yang,36060620400,,False
65,Low dietary sodium intake increases the death risk in peritoneal dialysis,Jianfeng,Luo,55482565200,,False
66,Consumption of sodium and salted foods in relation to cancer and cardiovascular disease: the Japan Public Health Center-based Prospective Study,Ribeka,Takachi,35308230400,,False
66,Consumption of sodium and salted foods in relation to cancer and cardiovascular disease: the Japan Public Health Center-based Prospective Study,Manami,Inoue,8889234100,,False
66,Consumption of sodium and salted foods in relation to cancer and cardiovascular disease: the Japan Public Health Center-based Prospective Study,Taichi,Shimazu,8505077900,,False
66,Consumption of sodium and salted foods in relation to cancer and cardiovascular disease: the Japan Public Health Center-based Prospective Study,Shizuka,Sasazuki,35369762100,,False
66,Consumption of sodium and salted foods in relation to cancer and cardiovascular disease: the Japan Public Health Center-based Prospective Study,Junko,Ishihara,7006469121,,False
66,Consumption of sodium and salted foods in relation to cancer and cardiovascular disease: the Japan Public Health Center-based Prospective Study,Norie,Sawada,35307936200,,False
66,Consumption of sodium and salted foods in relation to cancer and cardiovascular disease: the Japan Public Health Center-based Prospective Study,Taiki,Yamaji,7102897776,,False
66,Consumption of sodium and salted foods in relation to cancer and cardiovascular disease: the Japan Public Health Center-based Prospective Study,Motoki,Iwasaki,9233646600,,False
66,Consumption of sodium and salted foods in relation to cancer and cardiovascular disease: the Japan Public Health Center-based Prospective Study,Hiroyasu,Iso,35227393400,,False
66,Consumption of sodium and salted foods in relation to cancer and cardiovascular disease: the Japan Public Health Center-based Prospective Study,Yoshitaka,Tsubono,7005679829,,False
66,Consumption of sodium and salted foods in relation to cancer and cardiovascular disease: the Japan Public Health Center-based Prospective Study,Shoichiro,Tsugane,7005204049,,False
67,Physician-pharmacist cooperation program for blood pressure control in patients with hypertension: a randomized-controlled trial,Hiroko,Tobari,35235400200,,False
67,Physician-pharmacist cooperation program for blood pressure control in patients with hypertension: a randomized-controlled trial,Takanori,Arimoto,7006613950,,False
67,Physician-pharmacist cooperation program for blood pressure control in patients with hypertension: a randomized-controlled trial,Nobutake,Shimojo,7004577495,,False
67,Physician-pharmacist cooperation program for blood pressure control in patients with hypertension: a randomized-controlled trial,Kiyomi,Yuhara,37035524500,,False
67,Physician-pharmacist cooperation program for blood pressure control in patients with hypertension: a randomized-controlled trial,Hiroyuki,Noda,57204355249,,False
67,Physician-pharmacist cooperation program for blood pressure control in patients with hypertension: a randomized-controlled trial,Kazumasa,Yamagishi,35231751500,,False
67,Physician-pharmacist cooperation program for blood pressure control in patients with hypertension: a randomized-controlled trial,Hiroyasu,Iso,35227393400,,False
68,A high-sodium diet is associated with acute decompensated heart failure in ambulatory heart failure patients: a prospective follow-up study,Jo Anne,Arcand,8980190300,,False
68,A high-sodium diet is associated with acute decompensated heart failure in ambulatory heart failure patients: a prospective follow-up study,Joan,Ivanov,35477069300,,False
68,A high-sodium diet is associated with acute decompensated heart failure in ambulatory heart failure patients: a prospective follow-up study,Alexa,Sasson,37121117800,,False
68,A high-sodium diet is associated with acute decompensated heart failure in ambulatory heart failure patients: a prospective follow-up study,Vanessa,Floras,35740127300,,False
68,A high-sodium diet is associated with acute decompensated heart failure in ambulatory heart failure patients: a prospective follow-up study,Abdul,Al-Hesayen,7801308438,,False
68,A high-sodium diet is associated with acute decompensated heart failure in ambulatory heart failure patients: a prospective follow-up study,Eduardo R.,Azevedo,7006132527,,False
68,A high-sodium diet is associated with acute decompensated heart failure in ambulatory heart failure patients: a prospective follow-up study,Susanna,Mak,7102103810,,False
68,A high-sodium diet is associated with acute decompensated heart failure in ambulatory heart failure patients: a prospective follow-up study,Johane P.,Allard,7103067646,,False
68,A high-sodium diet is associated with acute decompensated heart failure in ambulatory heart failure patients: a prospective follow-up study,Gary E.,Newton,7102470549,,False
70,Recurrence risk after noncardioembolic mild ischemic stroke in a Japanese population,Yuji,Kono,36925127400,,False
70,Recurrence risk after noncardioembolic mild ischemic stroke in a Japanese population,Sumio,Yamada,35354413600,,False
70,Recurrence risk after noncardioembolic mild ischemic stroke in a Japanese population,Kenta,Kamisaka,42461724700,,False
70,Recurrence risk after noncardioembolic mild ischemic stroke in a Japanese population,Amane,Araki,42461073800,,False
70,Recurrence risk after noncardioembolic mild ischemic stroke in a Japanese population,Yusuke,Fujioka,55233551200,,False
70,Recurrence risk after noncardioembolic mild ischemic stroke in a Japanese population,Keizo,Yasui,55596800300,,False
70,Recurrence risk after noncardioembolic mild ischemic stroke in a Japanese population,Yasuhiro,Hasegawa,7403042539,,False
70,Recurrence risk after noncardioembolic mild ischemic stroke in a Japanese population,Yasuo,Koike,7202827771,,False
71,Three gram sodium intake is associated with longer event-free survival only in patients with advanced heart failure,Terry A.,Lennie,6601967008,,False
71,Three gram sodium intake is associated with longer event-free survival only in patients with advanced heart failure,Eun Kyeung,Song,26656978600,,False
71,Three gram sodium intake is associated with longer event-free survival only in patients with advanced heart failure,Jia Rong,Wu,20437023800,,False
71,Three gram sodium intake is associated with longer event-free survival only in patients with advanced heart failure,Misook L.,Chung,7402437110,,False
71,Three gram sodium intake is associated with longer event-free survival only in patients with advanced heart failure,Sandra B.,Dunbar,7007180724,,False
71,Three gram sodium intake is associated with longer event-free survival only in patients with advanced heart failure,Susan J.,Pressler,23478260800,,False
71,Three gram sodium intake is associated with longer event-free survival only in patients with advanced heart failure,Debra K.,Moser,7101785555,,False
73,"Dietary Intake of Minerals and the Risk of Ischemic Stroke in Guangdong Province, China, 2007-2008",Wenbin,Liang,16039833400,,False
73,"Dietary Intake of Minerals and the Risk of Ischemic Stroke in Guangdong Province, China, 2007-2008",Andy H.,Lee,56422852900,,False
73,"Dietary Intake of Minerals and the Risk of Ischemic Stroke in Guangdong Province, China, 2007-2008",Colin W.,Binns,55810755100,,False
74,Urinary sodium and potassium excretion and risk of cardiovascular events,Martin J.,O'Donnell,57210591242,,False
74,Urinary sodium and potassium excretion and risk of cardiovascular events,Salim,Yusuf,7202749318,,False
74,Urinary sodium and potassium excretion and risk of cardiovascular events,Andrew,Mente,14321895500,,False
74,Urinary sodium and potassium excretion and risk of cardiovascular events,Peggy,Gao,35069449800,,False
74,Urinary sodium and potassium excretion and risk of cardiovascular events,Johannes F.,Mann,57203734343,,False
74,Urinary sodium and potassium excretion and risk of cardiovascular events,Koon,Teo,7202563785,,False
74,Urinary sodium and potassium excretion and risk of cardiovascular events,Matthew,McQueen,7103154099,,False
74,Urinary sodium and potassium excretion and risk of cardiovascular events,Peter,Sleight,7102062009,,False
74,Urinary sodium and potassium excretion and risk of cardiovascular events,Arya M.,Sharma,7404971729,,False
74,Urinary sodium and potassium excretion and risk of cardiovascular events,Antonio,Dans,6602316205,,False
74,Urinary sodium and potassium excretion and risk of cardiovascular events,Jeffrey,Probstfield,7005973687,,False
74,Urinary sodium and potassium excretion and risk of cardiovascular events,Roland E.,Schmieder,7101834901,,False
75,Short-Term Effects of Hypertonic Saline Solution in Acute Heart Failure and Long-Term Effects of a Moderate Sodium Restriction in Patients With Compensated Heart Failure With New York Heart Association Class III (Class C) (SMAC-HF Study),Salvatore,Paterna,7005747309,,False
75,Short-Term Effects of Hypertonic Saline Solution in Acute Heart Failure and Long-Term Effects of a Moderate Sodium Restriction in Patients With Compensated Heart Failure With New York Heart Association Class III (Class C) (SMAC-HF Study),Sergio,Fasullo,8525341800,,False
75,Short-Term Effects of Hypertonic Saline Solution in Acute Heart Failure and Long-Term Effects of a Moderate Sodium Restriction in Patients With Compensated Heart Failure With New York Heart Association Class III (Class C) (SMAC-HF Study),Gaspare,Parrinello,7004487795,,False
75,Short-Term Effects of Hypertonic Saline Solution in Acute Heart Failure and Long-Term Effects of a Moderate Sodium Restriction in Patients With Compensated Heart Failure With New York Heart Association Class III (Class C) (SMAC-HF Study),Sergio,Cannizzaro,6603823764,,False
75,Short-Term Effects of Hypertonic Saline Solution in Acute Heart Failure and Long-Term Effects of a Moderate Sodium Restriction in Patients With Compensated Heart Failure With New York Heart Association Class III (Class C) (SMAC-HF Study),Ivana,Basile,35067765300,,False
75,Short-Term Effects of Hypertonic Saline Solution in Acute Heart Failure and Long-Term Effects of a Moderate Sodium Restriction in Patients With Compensated Heart Failure With New York Heart Association Class III (Class C) (SMAC-HF Study),Gabriella,Vitrano,16158904300,,False
75,Short-Term Effects of Hypertonic Saline Solution in Acute Heart Failure and Long-Term Effects of a Moderate Sodium Restriction in Patients With Compensated Heart Failure With New York Heart Association Class III (Class C) (SMAC-HF Study),Gabriella,Terrazzino,36174463800,,False
75,Short-Term Effects of Hypertonic Saline Solution in Acute Heart Failure and Long-Term Effects of a Moderate Sodium Restriction in Patients With Compensated Heart Failure With New York Heart Association Class III (Class C) (SMAC-HF Study),Giorgio,Maringhini,6603311439,,False
75,Short-Term Effects of Hypertonic Saline Solution in Acute Heart Failure and Long-Term Effects of a Moderate Sodium Restriction in Patients With Compensated Heart Failure With New York Heart Association Class III (Class C) (SMAC-HF Study),Filippo,Ganci,13003477400,,False
75,Short-Term Effects of Hypertonic Saline Solution in Acute Heart Failure and Long-Term Effects of a Moderate Sodium Restriction in Patients With Compensated Heart Failure With New York Heart Association Class III (Class C) (SMAC-HF Study),Sebastiano,Scalzo,6602845482,,False
75,Short-Term Effects of Hypertonic Saline Solution in Acute Heart Failure and Long-Term Effects of a Moderate Sodium Restriction in Patients With Compensated Heart Failure With New York Heart Association Class III (Class C) (SMAC-HF Study),Filippo M.,Sarullo,55666266600,,False
75,Short-Term Effects of Hypertonic Saline Solution in Acute Heart Failure and Long-Term Effects of a Moderate Sodium Restriction in Patients With Compensated Heart Failure With New York Heart Association Class III (Class C) (SMAC-HF Study),Gennaro,Cice,6603778772,,False
75,Short-Term Effects of Hypertonic Saline Solution in Acute Heart Failure and Long-Term Effects of a Moderate Sodium Restriction in Patients With Compensated Heart Failure With New York Heart Association Class III (Class C) (SMAC-HF Study),Pietro,Di Pasquale,7006484941,,False
76,Adherence to a sodium-restricted diet is associated with lower symptom burden and longer cardiac event-free survival in patients with heart failure,Youn Jung,Son,7102761510,,False
76,Adherence to a sodium-restricted diet is associated with lower symptom burden and longer cardiac event-free survival in patients with heart failure,Yongjik,Lee,53877659300,,False
76,Adherence to a sodium-restricted diet is associated with lower symptom burden and longer cardiac event-free survival in patients with heart failure,Eun Kyeung,Song,26656978600,,False
77,"Fatal and nonfatal outcomes, incidence of hypertension, and blood pressure changes in relation to urinary sodium excretion",Katarzyna,Stolarz-Skrzypek,6603722026,,False
77,"Fatal and nonfatal outcomes, incidence of hypertension, and blood pressure changes in relation to urinary sodium excretion",Tatiana,Kuznetsova,35450164300,,False
77,"Fatal and nonfatal outcomes, incidence of hypertension, and blood pressure changes in relation to urinary sodium excretion",Lutgarde,Thijs,35378587200,,False
77,"Fatal and nonfatal outcomes, incidence of hypertension, and blood pressure changes in relation to urinary sodium excretion",Valérie,Tikhonoff,6603759894,,False
77,"Fatal and nonfatal outcomes, incidence of hypertension, and blood pressure changes in relation to urinary sodium excretion",Jitka,Seidlerová,14523754400,,False
77,"Fatal and nonfatal outcomes, incidence of hypertension, and blood pressure changes in relation to urinary sodium excretion",Tom,Richart,34571617800,,False
77,"Fatal and nonfatal outcomes, incidence of hypertension, and blood pressure changes in relation to urinary sodium excretion",Yu,Jin,35364166500,,False
77,"Fatal and nonfatal outcomes, incidence of hypertension, and blood pressure changes in relation to urinary sodium excretion",Agnieszka,Olszanecka,6602574071,,False
77,"Fatal and nonfatal outcomes, incidence of hypertension, and blood pressure changes in relation to urinary sodium excretion",Sofia,Malyutina,6603876724,,False
77,"Fatal and nonfatal outcomes, incidence of hypertension, and blood pressure changes in relation to urinary sodium excretion",Edoardo,Casiglia,7005951169,,False
77,"Fatal and nonfatal outcomes, incidence of hypertension, and blood pressure changes in relation to urinary sodium excretion",Jan,Filipovský,12774824000,,False
77,"Fatal and nonfatal outcomes, incidence of hypertension, and blood pressure changes in relation to urinary sodium excretion",Kalina,Kawecka-Jaszcz,7005302548,,False
77,"Fatal and nonfatal outcomes, incidence of hypertension, and blood pressure changes in relation to urinary sodium excretion",Yuri,Nikitin,7102172021,,False
77,"Fatal and nonfatal outcomes, incidence of hypertension, and blood pressure changes in relation to urinary sodium excretion",Jan A.,Staessen,7202415416,,False
78,"The association between dietary sodium intake, ESRD, and all-cause mortality in patients with type 1 diabetes",Merlin C.,Thomas,35461916400,,False
78,"The association between dietary sodium intake, ESRD, and all-cause mortality in patients with type 1 diabetes",John,Moran,35466880500,,False
78,"The association between dietary sodium intake, ESRD, and all-cause mortality in patients with type 1 diabetes",Carol,Forsblom,7004152046,,False
78,"The association between dietary sodium intake, ESRD, and all-cause mortality in patients with type 1 diabetes",Valma,Harjutsalo,8412763300,,False
78,"The association between dietary sodium intake, ESRD, and all-cause mortality in patients with type 1 diabetes",Lena,Thorn,8717911500,,False
78,"The association between dietary sodium intake, ESRD, and all-cause mortality in patients with type 1 diabetes",Aila,Ahola,6506669400,,False
78,"The association between dietary sodium intake, ESRD, and all-cause mortality in patients with type 1 diabetes",Johan,Wadén,8717912500,,False
78,"The association between dietary sodium intake, ESRD, and all-cause mortality in patients with type 1 diabetes",Nina,Tolonen,25029612300,,False
78,"The association between dietary sodium intake, ESRD, and all-cause mortality in patients with type 1 diabetes",Markku,Saraheimo,6602976862,,False
78,"The association between dietary sodium intake, ESRD, and all-cause mortality in patients with type 1 diabetes",Daniel,Gordin,15839652500,,False
78,"The association between dietary sodium intake, ESRD, and all-cause mortality in patients with type 1 diabetes",Per Henrik,Groop,7005017834,,False
79,Sodium and Potassium Intake and Mortality Among US Adults Prospective Data From the Third National Health and Nutrition Examination Survey,Quanhe,Yang,7404075857,,False
79,Sodium and Potassium Intake and Mortality Among US Adults Prospective Data From the Third National Health and Nutrition Examination Survey,Tiebin,Liu,8060715700,,False
79,Sodium and Potassium Intake and Mortality Among US Adults Prospective Data From the Third National Health and Nutrition Examination Survey,Elena V.,Kuklina,7003998135,,False
79,Sodium and Potassium Intake and Mortality Among US Adults Prospective Data From the Third National Health and Nutrition Examination Survey,W. Dana,Flanders,7006809327,,False
79,Sodium and Potassium Intake and Mortality Among US Adults Prospective Data From the Third National Health and Nutrition Examination Survey,Yuling,Hong,7403392940,,False
79,Sodium and Potassium Intake and Mortality Among US Adults Prospective Data From the Third National Health and Nutrition Examination Survey,Cathleen,Gillespie,7005285275,,False
79,Sodium and Potassium Intake and Mortality Among US Adults Prospective Data From the Third National Health and Nutrition Examination Survey,Man Huei,Chang,7404503994,,False
79,Sodium and Potassium Intake and Mortality Among US Adults Prospective Data From the Third National Health and Nutrition Examination Survey,Marta,Gwinn,35415193200,,False
79,Sodium and Potassium Intake and Mortality Among US Adults Prospective Data From the Third National Health and Nutrition Examination Survey,Nicole,Dowling,7005078898,,False
79,Sodium and Potassium Intake and Mortality Among US Adults Prospective Data From the Third National Health and Nutrition Examination Survey,Muin J.,Khoury,26643049700,,False
79,Sodium and Potassium Intake and Mortality Among US Adults Prospective Data From the Third National Health and Nutrition Examination Survey,Frank B.,Hu,36038688700,,False
80,"High sodium intake adversely affects oxidative-inflammatory response, cardiac remodelling and mortality after myocardial infarction",Ana Paula R.,Costa,55086691300,,False
80,"High sodium intake adversely affects oxidative-inflammatory response, cardiac remodelling and mortality after myocardial infarction",Rafaela C.S.,de Paula,55088640300,,False
80,"High sodium intake adversely affects oxidative-inflammatory response, cardiac remodelling and mortality after myocardial infarction",Guilherme F.,Carvalho,55087646000,,False
80,"High sodium intake adversely affects oxidative-inflammatory response, cardiac remodelling and mortality after myocardial infarction",Juliana P.,Araújo,55092236400,,False
80,"High sodium intake adversely affects oxidative-inflammatory response, cardiac remodelling and mortality after myocardial infarction",Joalbo M.,Andrade,15841813600,,False
80,"High sodium intake adversely affects oxidative-inflammatory response, cardiac remodelling and mortality after myocardial infarction",Osorio L.R.,de Almeida,55087559100,,False
80,"High sodium intake adversely affects oxidative-inflammatory response, cardiac remodelling and mortality after myocardial infarction",Eliana C.,de Faria,6603835270,,False
80,"High sodium intake adversely affects oxidative-inflammatory response, cardiac remodelling and mortality after myocardial infarction",Wladimir M.,Freitas,55085556800,,False
80,"High sodium intake adversely affects oxidative-inflammatory response, cardiac remodelling and mortality after myocardial infarction",Otavio R.,Coelho,6603732085,,False
80,"High sodium intake adversely affects oxidative-inflammatory response, cardiac remodelling and mortality after myocardial infarction",Jose A.F.,Ramires,19435615400,,False
80,"High sodium intake adversely affects oxidative-inflammatory response, cardiac remodelling and mortality after myocardial infarction",Jose C.,Quinaglia e Silva,26024847200,,False
80,"High sodium intake adversely affects oxidative-inflammatory response, cardiac remodelling and mortality after myocardial infarction",Andrei C.,Sposito,7003942962,,False
81,Dietary sodium and risk of stroke in the Northern Manhattan study,Hannah,Gardener,24821715800,,False
81,Dietary sodium and risk of stroke in the Northern Manhattan study,Tatjana,Rundek,7004124868,,False
81,Dietary sodium and risk of stroke in the Northern Manhattan study,Clinton B.,Wright,7403506925,,False
81,Dietary sodium and risk of stroke in the Northern Manhattan study,Mitchell S.V.,Elkind,55382767800,,False
81,Dietary sodium and risk of stroke in the Northern Manhattan study,Ralph L.,Sacco,7102230208,,False
82,Salt preference and mortality from stroke and coronary heart disease for Japanese men and women: the JACC study,Satoyo,Ikehara,13611386400,,False
82,Salt preference and mortality from stroke and coronary heart disease for Japanese men and women: the JACC study,Hiroyasu,Iso,35227393400,,False
82,Salt preference and mortality from stroke and coronary heart disease for Japanese men and women: the JACC study,Chigusa,Date,7004702187,,False
82,Salt preference and mortality from stroke and coronary heart disease for Japanese men and women: the JACC study,Shogo,Kikuchi,7403005275,,False
82,Salt preference and mortality from stroke and coronary heart disease for Japanese men and women: the JACC study,Yoshiyuki,Watanabe,56959677700,,False
82,Salt preference and mortality from stroke and coronary heart disease for Japanese men and women: the JACC study,Yutaka,Inaba,7201621928,,False
82,Salt preference and mortality from stroke and coronary heart disease for Japanese men and women: the JACC study,Akiko,Tamakoshi,7006797376,,False
83,A randomized controlled trial of dietetic interventions to prevent cognitive decline in old age hostel residents,T. C.Y.,Kwok,7006475934,,False
83,A randomized controlled trial of dietetic interventions to prevent cognitive decline in old age hostel residents,L. C.W.,Lam,7201984627,,False
83,A randomized controlled trial of dietetic interventions to prevent cognitive decline in old age hostel residents,M. M.M.,Sea,6602566931,,False
83,A randomized controlled trial of dietetic interventions to prevent cognitive decline in old age hostel residents,W.,Goggins,6701315434,,False
83,A randomized controlled trial of dietetic interventions to prevent cognitive decline in old age hostel residents,J.,Woo,36040369400,,False
84,Moderation of dietary sodium potentiates the renal and cardiovascular protective effects of angiotensin receptor blockers,Hiddo J.Lambers,Heerspink,26324845700,,False
84,Moderation of dietary sodium potentiates the renal and cardiovascular protective effects of angiotensin receptor blockers,Frank A.,Holtkamp,37055692300,,False
84,Moderation of dietary sodium potentiates the renal and cardiovascular protective effects of angiotensin receptor blockers,Hans Henrik,Parving,35355625800,,False
84,Moderation of dietary sodium potentiates the renal and cardiovascular protective effects of angiotensin receptor blockers,Gerjan J.,Navis,55124900800,,False
84,Moderation of dietary sodium potentiates the renal and cardiovascular protective effects of angiotensin receptor blockers,Julia B.,Lewis,7003542085,,False
84,Moderation of dietary sodium potentiates the renal and cardiovascular protective effects of angiotensin receptor blockers,Eberhard,Ritz,55426798600,,False
84,Moderation of dietary sodium potentiates the renal and cardiovascular protective effects of angiotensin receptor blockers,Pieter A.,De Graeff,7005122218,,False
84,Moderation of dietary sodium potentiates the renal and cardiovascular protective effects of angiotensin receptor blockers,Dick,De Zeeuw,7102568501,,False
85,Increased dietary sodium is independently associated with greater mortality among prevalent hemodialysis patients,Finnian R.,Mc Causland,55169930900,,False
85,Increased dietary sodium is independently associated with greater mortality among prevalent hemodialysis patients,Sushrut S.,Waikar,6602679623,,False
85,Increased dietary sodium is independently associated with greater mortality among prevalent hemodialysis patients,Steven M.,Brunelli,34568163100,,False
87,Association of dietary sodium intake with atherogenesis in experimental diabetes and with cardiovascular disease in patients with Type 1 diabetes,Chris,Tikellis,6602919378,,False
87,Association of dietary sodium intake with atherogenesis in experimental diabetes and with cardiovascular disease in patients with Type 1 diabetes,Raelene J.,Pickering,9743350400,,False
87,Association of dietary sodium intake with atherogenesis in experimental diabetes and with cardiovascular disease in patients with Type 1 diabetes,Despina,Tsorotes,36192458400,,False
87,Association of dietary sodium intake with atherogenesis in experimental diabetes and with cardiovascular disease in patients with Type 1 diabetes,Valma,Harjutsalo,8412763300,,False
87,Association of dietary sodium intake with atherogenesis in experimental diabetes and with cardiovascular disease in patients with Type 1 diabetes,Lena,Thorn,8717911500,,False
87,Association of dietary sodium intake with atherogenesis in experimental diabetes and with cardiovascular disease in patients with Type 1 diabetes,Aila,Ahola,6506669400,,False
87,Association of dietary sodium intake with atherogenesis in experimental diabetes and with cardiovascular disease in patients with Type 1 diabetes,Johan,Wad́en,8717912500,,False
87,Association of dietary sodium intake with atherogenesis in experimental diabetes and with cardiovascular disease in patients with Type 1 diabetes,Nina,Tolonen,25029612300,,False
87,Association of dietary sodium intake with atherogenesis in experimental diabetes and with cardiovascular disease in patients with Type 1 diabetes,Markku,Saraheimo,6602976862,,False
87,Association of dietary sodium intake with atherogenesis in experimental diabetes and with cardiovascular disease in patients with Type 1 diabetes,Daniel,Gordin,15839652500,,False
87,Association of dietary sodium intake with atherogenesis in experimental diabetes and with cardiovascular disease in patients with Type 1 diabetes,Carol,Forsblom,7004152046,,False
87,Association of dietary sodium intake with atherogenesis in experimental diabetes and with cardiovascular disease in patients with Type 1 diabetes,Per Henrik,Groop,7005017834,,False
87,Association of dietary sodium intake with atherogenesis in experimental diabetes and with cardiovascular disease in patients with Type 1 diabetes,Mark E.,Cooper,7404410528,,False
87,Association of dietary sodium intake with atherogenesis in experimental diabetes and with cardiovascular disease in patients with Type 1 diabetes,John,Moran,35466880500,,False
87,Association of dietary sodium intake with atherogenesis in experimental diabetes and with cardiovascular disease in patients with Type 1 diabetes,Merlin C.,Thomas,35461916400,,False
88,Dietary Sodium Intake and Incidence of Diabetes Complications in Japanese Patients with Type 2 Diabetes - Analysis of the Japan Diabetes Complications Study (JDCS),Chika,Horikawa,6507382136,,False
88,Dietary Sodium Intake and Incidence of Diabetes Complications in Japanese Patients with Type 2 Diabetes - Analysis of the Japan Diabetes Complications Study (JDCS),Yukio,Yoshimura,8426709100,,False
88,Dietary Sodium Intake and Incidence of Diabetes Complications in Japanese Patients with Type 2 Diabetes - Analysis of the Japan Diabetes Complications Study (JDCS),Chiemi,Kamada,8274966400,,False
88,Dietary Sodium Intake and Incidence of Diabetes Complications in Japanese Patients with Type 2 Diabetes - Analysis of the Japan Diabetes Complications Study (JDCS),Shiro,Tanaka,55509989100,,False
88,Dietary Sodium Intake and Incidence of Diabetes Complications in Japanese Patients with Type 2 Diabetes - Analysis of the Japan Diabetes Complications Study (JDCS),Sachiko,Tanaka,55523512000,,False
88,Dietary Sodium Intake and Incidence of Diabetes Complications in Japanese Patients with Type 2 Diabetes - Analysis of the Japan Diabetes Complications Study (JDCS),Osamu,Hanyu,6603574316,,False
88,Dietary Sodium Intake and Incidence of Diabetes Complications in Japanese Patients with Type 2 Diabetes - Analysis of the Japan Diabetes Complications Study (JDCS),Atsushi,Araki,35261689900,,False
88,Dietary Sodium Intake and Incidence of Diabetes Complications in Japanese Patients with Type 2 Diabetes - Analysis of the Japan Diabetes Complications Study (JDCS),Hideki,Ito,57202717322,,False
88,Dietary Sodium Intake and Incidence of Diabetes Complications in Japanese Patients with Type 2 Diabetes - Analysis of the Japan Diabetes Complications Study (JDCS),Akira,Tanaka,54419069700,,False
88,Dietary Sodium Intake and Incidence of Diabetes Complications in Japanese Patients with Type 2 Diabetes - Analysis of the Japan Diabetes Complications Study (JDCS),Yasuo,Ohashi,55237387500,,False
88,Dietary Sodium Intake and Incidence of Diabetes Complications in Japanese Patients with Type 2 Diabetes - Analysis of the Japan Diabetes Complications Study (JDCS),Yasuo,Akanuma,55737936200,,False
88,Dietary Sodium Intake and Incidence of Diabetes Complications in Japanese Patients with Type 2 Diabetes - Analysis of the Japan Diabetes Complications Study (JDCS),Nobuhiro,Yamada,35374599100,,False
88,Dietary Sodium Intake and Incidence of Diabetes Complications in Japanese Patients with Type 2 Diabetes - Analysis of the Japan Diabetes Complications Study (JDCS),Hirohito,Sone,7102062650,,False
89,Sodium excretion and risk of developing coronary heart disease,Michel M.,Joosten,15831541700,,False
89,Sodium excretion and risk of developing coronary heart disease,Ron T.,Gansevoort,7004561961,,False
89,Sodium excretion and risk of developing coronary heart disease,Kenneth J.,Mukamal,7004034755,,False
89,Sodium excretion and risk of developing coronary heart disease,Hiddo J.Lambers,Heerspink,26324845700,,False
89,Sodium excretion and risk of developing coronary heart disease,Johanna M.,Geleijnse,35195702500,,False
89,Sodium excretion and risk of developing coronary heart disease,Edith J.M.,Feskens,7005435520,,False
89,Sodium excretion and risk of developing coronary heart disease,Gerjan,Navis,55124900800,,False
89,Sodium excretion and risk of developing coronary heart disease,Stephan J.L.,Bakker,7006070107,,False
90,"Association between urinary sodium, creatinine, albumin, and long-term survival in chronic kidney disease",Emily P.,McQuarrie,26531458400,,False
90,"Association between urinary sodium, creatinine, albumin, and long-term survival in chronic kidney disease",Jamie P.,Traynor,7006159275,,False
90,"Association between urinary sodium, creatinine, albumin, and long-term survival in chronic kidney disease",Alison H.,Taylor,55473551800,,False
90,"Association between urinary sodium, creatinine, albumin, and long-term survival in chronic kidney disease",E. Marie,Freel,8127208900,,False
90,"Association between urinary sodium, creatinine, albumin, and long-term survival in chronic kidney disease",Jonathan G.,Fox,7404282589,,False
90,"Association between urinary sodium, creatinine, albumin, and long-term survival in chronic kidney disease",Alan G.,Jardine,34569675200,,False
90,"Association between urinary sodium, creatinine, albumin, and long-term survival in chronic kidney disease",Patrick B.,Mark,7006073874,,False
92,Estimated urinary sodium excretion and risk of heart failure in men and women in the EPIC-Norfolk study,Roman,Pfister,7103230477,,False
92,Estimated urinary sodium excretion and risk of heart failure in men and women in the EPIC-Norfolk study,Guido,Michels,7006165261,,False
92,Estimated urinary sodium excretion and risk of heart failure in men and women in the EPIC-Norfolk study,Stephen J.,Sharp,24367076500,,False
92,Estimated urinary sodium excretion and risk of heart failure in men and women in the EPIC-Norfolk study,Robert,Luben,57204537801,,False
92,Estimated urinary sodium excretion and risk of heart failure in men and women in the EPIC-Norfolk study,Nick J.,Wareham,34668706300,,False
92,Estimated urinary sodium excretion and risk of heart failure in men and women in the EPIC-Norfolk study,Kay Tee,Khaw,57202570778,,False
6,Reduced dietary salt for the prevention of cardiovascular disease,Rod S.,Taylor,55628530729,,False
6,Reduced dietary salt for the prevention of cardiovascular disease,Kate E.,Ashton,26644694600,,False
6,Reduced dietary salt for the prevention of cardiovascular disease,Tiffany,Moxham,26657630700,,False
6,Reduced dietary salt for the prevention of cardiovascular disease,Lee,Hooper,57202855325,,False
6,Reduced dietary salt for the prevention of cardiovascular disease,Shah,Ebrahim,56500020000,,False
11,Sodium Intake in Populations: Assessment of Evidence,Brian L.,Strom,35291105700,,False
11,Sodium Intake in Populations: Assessment of Evidence,Ann L.,Yaktine,6508330060,,False
11,Sodium Intake in Populations: Assessment of Evidence,Maria,Oria,6701541379,,False
14,Daily sodium consumption and CVD mortality in the general population: systematic review and meta-analysis of prospective studies,Rosana,Poggio,8222772100,,False
14,Daily sodium consumption and CVD mortality in the general population: systematic review and meta-analysis of prospective studies,Laura,Gutierrez,55761936700,,False
14,Daily sodium consumption and CVD mortality in the general population: systematic review and meta-analysis of prospective studies,María G.,Matta,56181810800,,False
14,Daily sodium consumption and CVD mortality in the general population: systematic review and meta-analysis of prospective studies,Natalia,Elorriaga,56156242500,,False
14,Daily sodium consumption and CVD mortality in the general population: systematic review and meta-analysis of prospective studies,Vilma,Irazola,57202554459,,False
14,Daily sodium consumption and CVD mortality in the general population: systematic review and meta-analysis of prospective studies,Adolfo,Rubinstein,57209290036,,False
28,Dietary potassium and stroke,Kay Tee,Khaw,57202570778,,False
28,Dietary potassium and stroke,Elizabeth,Barrett-Connor,35377249400,,False
46,Dietary sodium intake and incidence of congestive heart failure in overweight US men and women,Rosana,Poggio,8222772100,,False
46,Dietary sodium intake and incidence of congestive heart failure in overweight US men and women,Laura,Gutierrez,55761936700,,False
46,Dietary sodium intake and incidence of congestive heart failure in overweight US men and women,María G.,Matta,56181810800,,False
46,Dietary sodium intake and incidence of congestive heart failure in overweight US men and women,Natalia,Elorriaga,56156242500,,False
46,Dietary sodium intake and incidence of congestive heart failure in overweight US men and women,Vilma,Irazola,57202554459,,False
46,Dietary sodium intake and incidence of congestive heart failure in overweight US men and women,Adolfo,Rubinstein,57209290036,,False
56,"Joint effects of sodium and potassium intake on subsequent cardiovascular disease:the Trials of Hypertension Prevention follow-up study",Nancy R.,Cook,7202992021,,False
56,"Joint effects of sodium and potassium intake on subsequent cardiovascular disease:the Trials of Hypertension Prevention follow-up study",Eva,Obarzanek,7006694590,,False
56,"Joint effects of sodium and potassium intake on subsequent cardiovascular disease:the Trials of Hypertension Prevention follow-up study",Jeffrey A.,Cutler,7102422991,,False
56,"Joint effects of sodium and potassium intake on subsequent cardiovascular disease:the Trials of Hypertension Prevention follow-up study",Julie E.,Buring,36047010400,,False
56,"Joint effects of sodium and potassium intake on subsequent cardiovascular disease:the Trials of Hypertension Prevention follow-up study",Kathryn M.,Rexrode,7003464052,,False
56,"Joint effects of sodium and potassium intake on subsequent cardiovascular disease:the Trials of Hypertension Prevention follow-up study",Shiriki K.,Kumanyika,35380806400,,False
56,"Joint effects of sodium and potassium intake on subsequent cardiovascular disease:the Trials of Hypertension Prevention follow-up study",Lawrence J.,Appel,7102658830,,False
56,"Joint effects of sodium and potassium intake on subsequent cardiovascular disease:the Trials of Hypertension Prevention follow-up study",Paul K.,Whelton,7103041111,,False
57,Lower levels of sodium intake and reduced cardiovascular risk,Nancy R.,Cook,7202992021,,False
57,Lower levels of sodium intake and reduced cardiovascular risk,Lawrence J.,Appel,7102658830,,False
57,Lower levels of sodium intake and reduced cardiovascular risk,Paul K.,Whelton,7103041111,,False
60,Normal-sodium diet compared with low-sodium diet in compensated congestive heart failure: is sodium an old enemy or a new friend?,Salvatore,Paterna,7005747309,,False
60,Normal-sodium diet compared with low-sodium diet in compensated congestive heart failure: is sodium an old enemy or a new friend?,Parrinello,Gaspare,6504246725,,False
60,Normal-sodium diet compared with low-sodium diet in compensated congestive heart failure: is sodium an old enemy or a new friend?,Sergio,Fasullo,8525341800,,False
60,Normal-sodium diet compared with low-sodium diet in compensated congestive heart failure: is sodium an old enemy or a new friend?,Filippo M.,Sarullo,55666266600,,False
60,Normal-sodium diet compared with low-sodium diet in compensated congestive heart failure: is sodium an old enemy or a new friend?,Pietro,Di Pasquale,7006484941,,False
69,Dietary salt intake and mortality in patients with type 2 diabetes,Elif I.,Ekinci,24490734300,,False
69,Dietary salt intake and mortality in patients with type 2 diabetes,Sophie,Clarke,57198929201,,False
69,Dietary salt intake and mortality in patients with type 2 diabetes,Merlin C.,Thomas,35461916400,,False
69,Dietary salt intake and mortality in patients with type 2 diabetes,John L.,Moran,35466880500,,False
69,Dietary salt intake and mortality in patients with type 2 diabetes,Karey,Cheong,55136664800,,False
69,Dietary salt intake and mortality in patients with type 2 diabetes,Richard J.,Macisaac,7003498857,,False
69,Dietary salt intake and mortality in patients with type 2 diabetes,George,Jerums,7005479262,,False
86,Dietary sodium restriction below 2 g per day predicted shorter event-free survival in patients with mild heart failure,Eun Kyeung,Song,26656978600,,False
86,Dietary sodium restriction below 2 g per day predicted shorter event-free survival in patients with mild heart failure,Debra K.,Moser,7101785555,,False
86,Dietary sodium restriction below 2 g per day predicted shorter event-free survival in patients with mild heart failure,Sandra B.,Dunbar,7007180724,,False
86,Dietary sodium restriction below 2 g per day predicted shorter event-free survival in patients with mild heart failure,Susan J.,Pressler,23478260800,,False
86,Dietary sodium restriction below 2 g per day predicted shorter event-free survival in patients with mild heart failure,Terry A.,Lennie,6601967008,,False
91,"Urinary sodium and potassium excretion, mortality, and cardiovascular events",Martin,O'Donnell,57210591242,,False
91,"Urinary sodium and potassium excretion, mortality, and cardiovascular events",Andrew,Mente,14321895500,,False
91,"Urinary sodium and potassium excretion, mortality, and cardiovascular events",Sumathy,Rangarajan,15830115800,,False
91,"Urinary sodium and potassium excretion, mortality, and cardiovascular events",Matthew J.,McQueen,7103154099,,False
91,"Urinary sodium and potassium excretion, mortality, and cardiovascular events",Xingyu,Wang,55736919100,,False
91,"Urinary sodium and potassium excretion, mortality, and cardiovascular events",Lisheng,Liu,56764050000,,False
91,"Urinary sodium and potassium excretion, mortality, and cardiovascular events",Hou,Yan,56328689400,,False
91,"Urinary sodium and potassium excretion, mortality, and cardiovascular events",Shun Fu,Lee,56328765600,,False
91,"Urinary sodium and potassium excretion, mortality, and cardiovascular events",Prem,Mony,35607760300,,False
91,"Urinary sodium and potassium excretion, mortality, and cardiovascular events",Anitha,Devanath,55554944700,,False
91,"Urinary sodium and potassium excretion, mortality, and cardiovascular events",Annika,Rosengren,7101863439,,False
91,"Urinary sodium and potassium excretion, mortality, and cardiovascular events",Patricio,Lopez-Jaramillo,7004478068,,False
91,"Urinary sodium and potassium excretion, mortality, and cardiovascular events",Rafael,Diaz,7201925889,,False
91,"Urinary sodium and potassium excretion, mortality, and cardiovascular events",Alvaro,Avezum,7003859797,,False
91,"Urinary sodium and potassium excretion, mortality, and cardiovascular events",Fernando,Lanas,56008054800,,False
91,"Urinary sodium and potassium excretion, mortality, and cardiovascular events",Khalid,Yusoff,7005545505,,False
91,"Urinary sodium and potassium excretion, mortality, and cardiovascular events",Romaina,Iqbal,16745143700,,False
91,"Urinary sodium and potassium excretion, mortality, and cardiovascular events",Rafal,Ilow,6603351704,,False
91,"Urinary sodium and potassium excretion, mortality, and cardiovascular events",Noushin,Mohammadifard,23110866700,,False
91,"Urinary sodium and potassium excretion, mortality, and cardiovascular events",Sadi,Gulec,7006125855,,False
91,"Urinary sodium and potassium excretion, mortality, and cardiovascular events",Afzal Hussein,Yusufali,55363742600,,False
91,"Urinary sodium and potassium excretion, mortality, and cardiovascular events",Lanthe,Kruger,53264138900,,False
91,"Urinary sodium and potassium excretion, mortality, and cardiovascular events",Rita,Yusuf,36122286500,,False
91,"Urinary sodium and potassium excretion, mortality, and cardiovascular events",Jephat,Chifamba,6602259748,,False
91,"Urinary sodium and potassium excretion, mortality, and cardiovascular events",Conrad,Kabali,24474474900,,False
91,"Urinary sodium and potassium excretion, mortality, and cardiovascular events",Gilles,Dagenais,7006205335,,False
91,"Urinary sodium and potassium excretion, mortality, and cardiovascular events",Scott A.,Lear,7003829555,,False
91,"Urinary sodium and potassium excretion, mortality, and cardiovascular events",Koon,Teo,7202563785,,False
91,"Urinary sodium and potassium excretion, mortality, and cardiovascular events",Salim,Yusuf,7202749318,,False
93,Assessing the Associations of Sodium Intake With Long-Term All-Cause and Cardiovascular Mortality in a Hypertensive Cohort,Pamela,Singer,57225421176,,False
93,Assessing the Associations of Sodium Intake With Long-Term All-Cause and Cardiovascular Mortality in a Hypertensive Cohort,Hillel,Cohen,7402808799,,False
93,Assessing the Associations of Sodium Intake With Long-Term All-Cause and Cardiovascular Mortality in a Hypertensive Cohort,Michael,Alderman,57059210000,,False
8,"Effect of reduced sodium intake on cardiovascular disease, coronary heart disease and stroke",N,Aburto,8739842100,,True
10,Low sodium versus normal sodium diets in systolic heart failure: systematic review and meta-analysis,JJ,DiNicolantonio,3,,True
10,Low sodium versus normal sodium diets in systolic heart failure: systematic review and meta-analysis,P,DiPasquale,7006484941,,True
10,Low sodium versus normal sodium diets in systolic heart failure: systematic review and meta-analysis,RS,Taylor,55628530729,,True
10,Low sodium versus normal sodium diets in systolic heart failure: systematic review and meta-analysis,DG,Hackam,4,,True
29,The Hypertension Prevention Trial: three-year effects of dietary changes on blood pressure,Albert,Oberman,16,Hypertension Prevention Trial Research Group,True
29,The Hypertension Prevention Trial: three-year effects of dietary changes on blood pressure,Janet,Raines,17,Hypertension Prevention Trial Research Group,True
29,The Hypertension Prevention Trial: three-year effects of dietary changes on blood pressure,Nemat O.,Borhani,18,Hypertension Prevention Trial Research Group,True
29,The Hypertension Prevention Trial: three-year effects of dietary changes on blood pressure,Patty,Borhani,19,Hypertension Prevention Trial Research Group,True
29,The Hypertension Prevention Trial: three-year effects of dietary changes on blood pressure,Carolyn,Sugars,20,Hypertension Prevention Trial Research Group,True
29,The Hypertension Prevention Trial: three-year effects of dietary changes on blood pressure,Herbert G.,Langford,21,Hypertension Prevention Trial Research Group,True
29,The Hypertension Prevention Trial: three-year effects of dietary changes on blood pressure,Sheila,"Corrigan,",22,Hypertension Prevention Trial Research Group,True
29,The Hypertension Prevention Trial: three-year effects of dietary changes on blood pressure,David,Schlundt,23,Hypertension Prevention Trial Research Group,True
29,The Hypertension Prevention Trial: three-year effects of dietary changes on blood pressure,Ronald J.,Prineas,24,Hypertension Prevention Trial Research Group,True
29,The Hypertension Prevention Trial: three-year effects of dietary changes on blood pressure,Dorothy,Buckingham,25,Hypertension Prevention Trial Research Group,True
29,The Hypertension Prevention Trial: three-year effects of dietary changes on blood pressure,Brian,Laing,26,Hypertension Prevention Trial Research Group,True
29,The Hypertension Prevention Trial: three-year effects of dietary changes on blood pressure,Curtis L.,Meinert,27,Hypertension Prevention Trial Research Group,True
29,The Hypertension Prevention Trial: three-year effects of dietary changes on blood pressure,James,Ibnascia,28,Hypertension Prevention Trial Research Group,True
29,The Hypertension Prevention Trial: three-year effects of dietary changes on blood pressure,Susan,Tonascia,29,Hypertension Prevention Trial Research Group,True
29,The Hypertension Prevention Trial: three-year effects of dietary changes on blood pressure,Katherine,Detre,30,Hypertension Prevention Trial Research Group,True
29,The Hypertension Prevention Trial: three-year effects of dietary changes on blood pressure,Arlene W.,Caggiula,31,Hypertension Prevention Trial Research Group,True
29,The Hypertension Prevention Trial: three-year effects of dietary changes on blood pressure,Jeannie,McKenzie,32,Hypertension Prevention Trial Research Group,True
29,The Hypertension Prevention Trial: three-year effects of dietary changes on blood pressure,Robert W.,Jeffery,33,Hypertension Prevention Trial Research Group,True
29,The Hypertension Prevention Trial: three-year effects of dietary changes on blood pressure,Wendy,Bjornson-Benson,34,Hypertension Prevention Trial Research Group,True
29,The Hypertension Prevention Trial: three-year effects of dietary changes on blood pressure,Vikki,Mullenbach,35,Hypertension Prevention Trial Research Group,True
29,The Hypertension Prevention Trial: three-year effects of dietary changes on blood pressure,Jeffrey A.,Cutler,7102422991,Hypertension Prevention Trial Research Group,True
29,The Hypertension Prevention Trial: three-year effects of dietary changes on blood pressure,Thomas P.,Blaszkowski,36,Hypertension Prevention Trial Research Group,True
29,The Hypertension Prevention Trial: three-year effects of dietary changes on blood pressure,Van,Nuys,37,Hypertension Prevention Trial Research Group,True
29,The Hypertension Prevention Trial: three-year effects of dietary changes on blood pressure,Penelope M.,Keyl,38,Hypertension Prevention Trial Research Group,True
29,The Hypertension Prevention Trial: three-year effects of dietary changes on blood pressure,James,Tonascia,39,Hypertension Prevention Trial Research Group,True
32,The effects of nonpharmacologic interventions on blood pressure of persons with high normal levels,Paul K.,Whelton,7103041111,,True
32,The effects of nonpharmacologic interventions on blood pressure of persons with high normal levels,Appel,Lawrence,7102658830,,True
32,The effects of nonpharmacologic interventions on blood pressure of persons with high normal levels,Jeanne,Charleston,5,,True
35,Sodium intake and mortality from myocardial infarction: multiple risk factor intervention trial (MRFIT),J,Stamler,6,,True
35,Sodium intake and mortality from myocardial infarction: multiple risk factor intervention trial (MRFIT),J,Cohen,1,,True
35,Sodium intake and mortality from myocardial infarction: multiple risk factor intervention trial (MRFIT),JA,Culter,2,,True
36,Multiple Risk Factor Intervention Trial follow-up,J,Cohen,1,,True
37,Dietary sodium intake and mortality: MRFIT Followup Study Results,JD,Cohen,1,,True
37,Dietary sodium intake and mortality: MRFIT Followup Study Results,G,Grandis,7,,True
37,Dietary sodium intake and mortality: MRFIT Followup Study Results,JA,Culter,2,,True
44,Sodium and potassium excretion and the risk of acute myocardial infarction,VP,Valkonen,8,,True
44,Sodium and potassium excretion and the risk of acute myocardial infarction,S,Voutilainen,9,,True
44,Sodium and potassium excretion and the risk of acute myocardial infarction,K,Nyssonen,10,,True
44,Sodium and potassium excretion and the risk of acute myocardial infarction,R,Salonen,11,,True
44,Sodium and potassium excretion and the risk of acute myocardial infarction,TA,Lakka ,12,,True
44,Sodium and potassium excretion and the risk of acute myocardial infarction,JT,Salonen,13,,True
72,Abstract 2236: Three Gram Sodium Intake is Associated with Better Event-Free Survival Only in Patients with Advanced Heart Failure,TA,Lennie,6601967008,,True
72,Abstract 2236: Three Gram Sodium Intake is Associated with Better Event-Free Survival Only in Patients with Advanced Heart Failure,ML,Chung,7402437110,,True
72,Abstract 2236: Three Gram Sodium Intake is Associated with Better Event-Free Survival Only in Patients with Advanced Heart Failure,S,Heo,14,,True
72,Abstract 2236: Three Gram Sodium Intake is Associated with Better Event-Free Survival Only in Patients with Advanced Heart Failure,RL,Dekker,15,,True
72,Abstract 2236: Three Gram Sodium Intake is Associated with Better Event-Free Survival Only in Patients with Advanced Heart Failure,DK,Moser,7101785555,,True
